{"cameraMode":{"drawMode":0,"name":"Shaded","section":"Shading Mode"},"sceneLighting":true,"audioPlay":false,"sceneViewState":{"showFog":true,"showMaterialUpdate":false,"showSkybox":true,"showFlares":true,"showImageEffects":true,"showParticleSystems":true},"in2DMode":false,"pivot":{"x":86.62979888916016,"y":1.825907588005066,"z":35.676719665527347},"rotation":{"x":0.4573814868927002,"y":-0.13248886168003083,"z":0.0691264420747757,"w":0.8766249418258667},"size":39.494930267333987,"orthographic":false}