{"cameraMode":{"drawMode":0,"name":"Shaded","section":"Shading Mode"},"sceneLighting":true,"audioPlay":false,"sceneViewState":{"showFog":true,"showMaterialUpdate":false,"showSkybox":true,"showFlares":true,"showImageEffects":true,"showParticleSystems":true},"in2DMode":false,"pivot":{"x":70.88407135009766,"y":-1.0875924825668336,"z":24.17849349975586},"rotation":{"x":0.6406916975975037,"y":0.0011518861865624786,"z":-0.0009610698325559497,"w":0.7677992582321167},"size":28.5498046875,"orthographic":true}