{"cameraMode":{"drawMode":0,"name":"Shaded","section":"Shading Mode"},"sceneLighting":true,"audioPlay":false,"sceneViewState":{"showFog":true,"showMaterialUpdate":false,"showSkybox":true,"showFlares":true,"showImageEffects":true,"showParticleSystems":true},"in2DMode":false,"pivot":{"x":1.746438980102539,"y":-17.119056701660158,"z":32.180023193359378},"rotation":{"x":0.2166038155555725,"y":-0.023427704349160196,"z":0.005199571140110493,"w":0.9759654998779297},"size":21.111186981201173,"orthographic":false}