{"cameraMode":{"drawMode":0,"name":"Shaded","section":"Shading Mode"},"sceneLighting":true,"audioPlay":false,"sceneViewState":{"showFog":true,"showMaterialUpdate":false,"showSkybox":true,"showFlares":true,"showImageEffects":true,"showParticleSystems":true},"in2DMode":false,"pivot":{"x":19.78252410888672,"y":1.8987370729446412,"z":8.477960586547852},"rotation":{"x":0.3254094421863556,"y":-0.01701909303665161,"z":0.005858016200363636,"w":0.9454034566879273},"size":4.7654547691345219,"orthographic":false}