{"cameraMode":{"drawMode":0,"name":"Shaded","section":"Shading Mode"},"sceneLighting":true,"audioPlay":false,"sceneViewState":{"showFog":true,"showMaterialUpdate":false,"showSkybox":true,"showFlares":true,"showImageEffects":true,"showParticleSystems":true},"in2DMode":false,"pivot":{"x":142.2539825439453,"y":2.0,"z":3.096909523010254},"rotation":{"x":0.49987897276878359,"y":0.010392650961875916,"z":-0.005998848006129265,"w":0.8660134673118591},"size":49.65950012207031,"orthographic":false}